epoch,q_loss,p_loss,rewards
1,0.058674356050789356,-0.06184764300652023,[{'rewards': np.float64(-21.986303523259945)}]
2,0.021219596242532134,-0.1153521424983046,[{'rewards': np.float64(40.719959688374104)}]
3,0.01711513479612768,-0.14683218666166067,[{'rewards': np.float64(15.30076051945711)}]
4,0.015681606524623932,-0.16217192617058754,[{'rewards': np.float64(14.198030186363553)}]
5,0.01502856801636517,-0.17004294154793023,[{'rewards': np.float64(15.259824498662962)}]
6,0.05790131606161594,-0.46606499163806436,[{'rewards': np.float64(21.03451460403197)}]
7,0.04336325730569661,-0.5627920907437801,[{'rewards': np.float64(32.694799607841325)}]
8,0.040456334939226506,-0.5890511747300625,[{'rewards': np.float64(31.651048618452574)}]
9,0.03866224005445838,-0.5987587203979492,[{'rewards': np.float64(33.80500296370805)}]
10,0.03722335937432945,-0.603220324575901,[{'rewards': np.float64(29.605673070583453)}]
11,0.10143670101463795,-1.1619451512694359,[{'rewards': np.float64(36.36185682068753)}]
12,0.08307913111522794,-1.245861864387989,[{'rewards': np.float64(40.12018365987114)}]
13,0.07889562981203198,-1.2644282162189484,[{'rewards': np.float64(36.89780982801491)}]
14,0.07588262876868249,-1.270927922785282,[{'rewards': np.float64(31.65011372245519)}]
15,0.07337417363375426,-1.2746186097860337,[{'rewards': np.float64(38.342388265303356)}]
16,0.15650499395281076,-2.0543248068094253,[{'rewards': np.float64(38.93482007710728)}]
17,0.13041899132356047,-2.1325379482507705,[{'rewards': np.float64(37.73778522568627)}]
18,0.12470575977116823,-2.1471210815906523,[{'rewards': np.float64(38.17275150709313)}]
19,0.12048925326019526,-2.1516347674131393,[{'rewards': np.float64(29.467132192531654)}]
20,0.11700543784350156,-2.1537907180786133,[{'rewards': np.float64(40.53293903244354)}]
21,0.22408612281829118,-3.138316558599472,[{'rewards': np.float64(47.836582160223024)}]
22,0.1881710306853056,-3.2150865650177,[{'rewards': np.float64(32.18550849687554)}]
23,0.1808069474324584,-3.2257215383052826,[{'rewards': np.float64(32.75190508257792)}]
24,0.17543902093917133,-3.2280571928024293,[{'rewards': np.float64(30.37357503161669)}]
25,0.17103074525296688,-3.2291656017303465,[{'rewards': np.float64(33.03578429087929)}]
26,0.3114400451481342,-4.41650063920021,[{'rewards': np.float64(34.383476548894016)}]
27,0.2638853477612138,-4.494650450468064,[{'rewards': np.float64(36.49990016169922)}]
28,0.2546531517505646,-4.502026564359665,[{'rewards': np.float64(31.70583609801725)}]
29,0.24779813118278982,-4.5019396634101865,[{'rewards': np.float64(30.434735924981133)}]
30,0.2421424554735422,-4.500638283729553,[{'rewards': np.float64(37.9241075302251)}]
31,0.42443990759551525,-5.893478856086731,[{'rewards': np.float64(32.59565695445626)}]
32,0.36271460108458997,-5.97362690114975,[{'rewards': np.float64(38.32270623645209)}]
33,0.35095791608095167,-5.978016884326935,[{'rewards': np.float64(39.18877205699933)}]
34,0.34222314547002314,-5.97590118598938,[{'rewards': np.float64(36.564538508557526)}]
35,0.3352439194023609,-5.973737362384796,[{'rewards': np.float64(31.7056540686572)}]
36,0.5663729406893253,-7.579044763565063,[{'rewards': np.float64(42.01692532386983)}]
37,0.48813334561884403,-7.661134286403656,[{'rewards': np.float64(31.250726067814178)}]
38,0.47364545267820357,-7.662326455593109,[{'rewards': np.float64(29.976580111561706)}]
39,0.4629393698722124,-7.658340396881104,[{'rewards': np.float64(25.20161803046348)}]
40,0.45413515949249267,-7.653716260910034,[{'rewards': np.float64(34.169573672735304)}]
41,0.7400348028242588,-9.465073657989501,[{'rewards': np.float64(29.0607979781186)}]
42,0.6432873708605766,-9.54588724899292,[{'rewards': np.float64(32.682031945268825)}]
43,0.625408303797245,-9.543136819839477,[{'rewards': np.float64(33.11688844533761)}]
44,0.6124772765636444,-9.536169659614563,[{'rewards': np.float64(32.15681214881071)}]
45,0.6021073468923569,-9.529245897293091,[{'rewards': np.float64(30.42139418439266)}]
46,0.9468544486761094,-11.540737663269043,[{'rewards': np.float64(30.142924739044734)}]
47,0.8323926720917225,-11.619736844062805,[{'rewards': np.float64(36.22818147055371)}]
48,0.8117085947990418,-11.613166373252868,[{'rewards': np.float64(31.6491817505026)}]
49,0.7967982105016709,-11.603520281791686,[{'rewards': np.float64(35.27879879014707)}]
50,0.7849369514584541,-11.59465791797638,[{'rewards': np.float64(37.460156634036004)}]
51,1.1923789976239205,-13.799029992103577,[{'rewards': np.float64(37.829377063790254)}]
52,1.0600863088965415,-13.877296526908875,[{'rewards': np.float64(39.34574289830159)}]
53,1.0361820999383926,-13.868216611862183,[{'rewards': np.float64(41.14192682160901)}]
54,1.0185700752735138,-13.856527873039246,[{'rewards': np.float64(46.24721559122555)}]
55,1.00443840610981,-13.846163094520568,[{'rewards': np.float64(32.82609561113345)}]
56,1.4813689358830453,-16.240597418785097,[{'rewards': np.float64(45.37919740307167)}]
57,1.3304260340332985,-16.320216586112977,[{'rewards': np.float64(45.98741138834541)}]
58,1.3021862746477126,-16.309752076148985,[{'rewards': np.float64(49.627095351735164)}]
59,1.2819363821148873,-16.296626027107237,[{'rewards': np.float64(47.94581345470456)}]
60,1.265701015651226,-16.28492282676697,[{'rewards': np.float64(36.462068804162385)}]
61,1.821787003338337,-18.873293296813966,[{'rewards': np.float64(35.039567673815306)}]
62,1.6498151233196259,-18.95825817489624,[{'rewards': np.float64(38.08851897778042)}]
63,1.6179441529512406,-18.947902536392213,[{'rewards': np.float64(45.349323679194626)}]
64,1.5948667955398559,-18.934146060943604,[{'rewards': np.float64(46.577817339957576)}]
65,1.5764527413249017,-18.920936079025267,[{'rewards': np.float64(40.863023777089474)}]
66,2.2241723173856736,-21.710975330352785,[{'rewards': np.float64(41.470815199451756)}]
67,2.0304469420909883,-21.80309462738037,[{'rewards': np.float64(41.61378922760831)}]
68,1.9944998873472213,-21.793543907165528,[{'rewards': np.float64(18.691759766935103)}]
69,1.96800386095047,-21.780073835372924,[{'rewards': np.float64(45.179645928178225)}]
70,1.9470992487668992,-21.767035091400146,[{'rewards': np.float64(32.43552213486628)}]
71,2.6990168113708495,-24.771402742385863,[{'rewards': np.float64(25.341558703586763)}]
72,2.4725877159833907,-24.86992992782593,[{'rewards': np.float64(9.298081697475997)}]
73,2.4320129733085634,-24.86097928237915,[{'rewards': np.float64(9.076530883866393)}]
74,2.4024994629621506,-24.84699094581604,[{'rewards': np.float64(33.760633111353826)}]
75,2.3790185604095457,-24.83316750717163,[{'rewards': np.float64(47.439943596214526)}]
76,3.25536578309536,-28.067729404449462,[{'rewards': np.float64(20.020967865970064)}]
77,2.995010884642601,-28.17351908111572,[{'rewards': np.float64(20.336274303315054)}]
78,2.9509507123231886,-28.16251902961731,[{'rewards': np.float64(46.08938596810113)}]
79,2.9193894369602202,-28.14701909828186,[{'rewards': np.float64(38.31466528065477)}]
80,2.893464551448822,-28.13157639694214,[{'rewards': np.float64(46.82525481588976)}]
81,3.916178557395935,-31.60315234375,[{'rewards': np.float64(46.976861425336686)}]
82,3.6148233488798143,-31.715104026794435,[{'rewards': np.float64(42.484900857466805)}]
83,3.561799588561058,-31.70249600982666,[{'rewards': np.float64(8.759393185616762)}]
84,3.522294991850853,-31.686695964813232,[{'rewards': np.float64(46.3351933750014)}]
85,3.4902172051668168,-31.672151575088503,[{'rewards': np.float64(43.998984265981825)}]
86,4.677807152748108,-35.39480583953858,[{'rewards': np.float64(29.962322894922202)}]
87,4.316660055637359,-35.52278894805908,[{'rewards': np.float64(15.206827743245668)}]
88,4.253760545969009,-35.514324424743656,[{'rewards': np.float64(40.771895640432184)}]
89,4.210414294242859,-35.50011929702759,[{'rewards': np.float64(31.97153344763965)}]
90,4.176831830620766,-35.485091819763184,[{'rewards': np.float64(45.27913296321467)}]
91,5.550429136753082,-39.47977060317993,[{'rewards': np.float64(32.76277245392686)}]
92,5.1407368395328525,-39.60297249603271,[{'rewards': np.float64(40.63991877738621)}]
93,5.07192013502121,-39.58995380401611,[{'rewards': np.float64(44.0661265042917)}]
94,5.022553413629532,-39.57324782943726,[{'rewards': np.float64(47.12861619825264)}]
95,4.983561688899994,-39.55699146652222,[{'rewards': np.float64(29.036009192538202)}]
96,6.5820391936302185,-43.81104358673096,[{'rewards': np.float64(16.993797612693864)}]
97,6.099951462984085,-43.947793601989744,[{'rewards': np.float64(19.83307594087373)}]
98,5.9916860866546635,-43.95028051376343,[{'rewards': np.float64(21.34920776175794)}]
99,5.9305977313518525,-43.93586169433594,[{'rewards': np.float64(10.196576451100618)}]
100,5.885765715122223,-43.920589527130126,[{'rewards': np.float64(-0.5800361516010369)}]
101,7.699992644309997,-48.46425030517578,[{'rewards': np.float64(-7.340465169983352)}]
102,7.15676434469223,-48.606872982025145,[{'rewards': np.float64(31.50378797970893)}]
103,7.072147211551666,-48.59256489944458,[{'rewards': np.float64(11.206729726154643)}]
104,7.011545840740204,-48.573677074432375,[{'rewards': np.float64(41.98246337115271)}]
105,6.962805000305176,-48.55678495407105,[{'rewards': np.float64(45.08019092879096)}]
106,9.078218596935272,-53.38866646194458,[{'rewards': np.float64(29.39170216264499)}]
107,8.454622660160064,-53.54518055725098,[{'rewards': np.float64(12.20796116466473)}]
108,8.35935859966278,-53.53765591049194,[{'rewards': np.float64(4.937778462387357)}]
109,8.28878897547722,-53.51993083190918,[{'rewards': np.float64(42.845424473759365)}]
110,8.233250573158264,-53.501939067840574,[{'rewards': np.float64(11.598628614669954)}]
111,10.693208510875701,-58.659405815124515,[{'rewards': np.float64(48.55730097117439)}]
112,9.960293711662292,-58.82847580718994,[{'rewards': np.float64(-3.0094807627476325)}]
113,9.838785492420197,-58.817009307861326,[{'rewards': np.float64(16.79618311706874)}]
114,9.733952086448669,-58.81577328491211,[{'rewards': np.float64(44.57020439877477)}]
115,9.680904702663423,-58.80712802124023,[{'rewards': np.float64(23.848818940192388)}]
116,12.492491101741791,-64.33479562759399,[{'rewards': np.float64(44.590406732849665)}]
117,11.645934597492218,-64.517792137146,[{'rewards': np.float64(43.72028486376732)}]
118,11.49714829683304,-64.50602090454102,[{'rewards': np.float64(42.99135426294674)}]
119,11.400388936042786,-64.49065565490723,[{'rewards': np.float64(44.448699624527904)}]
120,11.323975171089172,-64.47263497161865,[{'rewards': np.float64(45.90077567272363)}]
121,14.49310093164444,-70.3536343421936,[{'rewards': np.float64(42.05162170644143)}]
122,13.490175540447234,-70.54331665039062,[{'rewards': np.float64(43.3930201909774)}]
123,13.33342754459381,-70.52550370025635,[{'rewards': np.float64(38.22802931226219)}]
124,13.224338743686676,-70.50627539825439,[{'rewards': np.float64(34.46980498000044)}]
125,13.136420551776887,-70.48964738464356,[{'rewards': np.float64(44.807814312591496)}]
126,16.8133144030571,-76.72952824401855,[{'rewards': np.float64(43.96335144812937)}]
127,15.727192903995514,-76.93881685638428,[{'rewards': np.float64(45.548424731175906)}]
128,15.576615489006043,-76.92124359893799,[{'rewards': np.float64(44.15190897717408)}]
129,15.456155747890472,-76.89904013824463,[{'rewards': np.float64(42.38368123493976)}]
130,15.351888093948364,-76.87886520385742,[{'rewards': np.float64(39.46821398749266)}]
131,19.549036192417145,-83.50138957214355,[{'rewards': np.float64(40.41774351974815)}]
132,18.21885886669159,-83.71924745941162,[{'rewards': np.float64(47.622694615909644)}]
133,18.021259412765502,-83.70088722229004,[{'rewards': np.float64(43.2398026907738)}]
134,17.891669105529786,-83.67780060577392,[{'rewards': np.float64(43.93108216286422)}]
135,17.790129899978638,-83.65651587677002,[{'rewards': np.float64(42.2609496971374)}]
136,22.69908846473694,-90.6657781982422,[{'rewards': np.float64(41.77352678495177)}]
137,21.146921934127807,-90.90190216064452,[{'rewards': np.float64(47.51165177748181)}]
138,20.887401814460755,-90.88645729827881,[{'rewards': np.float64(49.47413501744099)}]
139,20.743085515022276,-90.86541410064697,[{'rewards': np.float64(45.61081272421967)}]
140,20.616540769577025,-90.84416625976563,[{'rewards': np.float64(45.43927178940898)}]
141,26.21809300994873,-98.26842292022705,[{'rewards': np.float64(46.52995790411094)}]
142,24.42762327480316,-98.50791018676757,[{'rewards': np.float64(44.653973911243874)}]
143,24.158701307296752,-98.48547805023193,[{'rewards': np.float64(42.33977673794736)}]
144,24.011296612739564,-98.46770513153076,[{'rewards': np.float64(38.06433971899955)}]
145,23.926443343162536,-98.44657893371583,[{'rewards': np.float64(41.12123897518219)}]
146,30.454678266525267,-106.32212117004394,[{'rewards': np.float64(43.81736195970208)}]
147,28.37057759189606,-106.59158759307861,[{'rewards': np.float64(46.92335342810047)}]
148,28.067108788490295,-106.57041382598877,[{'rewards': np.float64(44.38714769616191)}]
149,27.859206596374513,-106.5447650756836,[{'rewards': np.float64(44.67714078476514)}]
150,27.696838307380677,-106.52105113983154,[{'rewards': np.float64(42.26277027198872)}]
151,35.23365940856934,-114.82377536010742,[{'rewards': np.float64(41.80868985574308)}]
152,32.92232075595856,-115.08152912902833,[{'rewards': np.float64(49.358670952223356)}]
153,32.62253879642486,-115.0394354171753,[{'rewards': np.float64(48.16905064088006)}]
154,32.38977816963196,-115.00041802215576,[{'rewards': np.float64(45.620355885265475)}]
155,32.19429700088501,-114.96820016479492,[{'rewards': np.float64(42.65368555935204)}]
156,40.986650720596316,-123.66893807983398,[{'rewards': np.float64(41.88704349074091)}]
157,38.26722728347778,-123.93825659179687,[{'rewards': np.float64(45.65821609666609)}]
158,37.915478081703185,-123.90330574035644,[{'rewards': np.float64(38.50293038375143)}]
159,37.69444001960754,-123.8690110168457,[{'rewards': np.float64(44.46755682928183)}]
160,37.47589197254181,-123.84341722869873,[{'rewards': np.float64(42.766425650871845)}]
161,47.772363306045534,-132.9487618408203,[{'rewards': np.float64(43.11035125043177)}]
162,44.6769033870697,-133.2307458190918,[{'rewards': np.float64(47.99489173757526)}]
163,44.173009592056275,-133.18577359008788,[{'rewards': np.float64(42.0902336406829)}]
164,43.91472564506531,-133.1437219924927,[{'rewards': np.float64(43.95510634675874)}]
165,43.710143478393555,-133.10915558624268,[{'rewards': np.float64(48.42303414384067)}]
166,55.57278940010071,-142.62828034973145,[{'rewards': np.float64(42.35347130990279)}]
167,52.09122533798218,-142.91672761535645,[{'rewards': np.float64(47.04719580904009)}]
168,51.50137089729309,-142.8815859680176,[{'rewards': np.float64(46.27105409551308)}]
169,51.12868773460388,-142.84793510437012,[{'rewards': np.float64(39.190547812153795)}]
170,50.84330470085144,-142.81780059814454,[{'rewards': np.float64(42.4230636397844)}]
171,64.7800064945221,-152.78058283996583,[{'rewards': np.float64(45.60610270433146)}]
172,61.14732450866699,-153.08656030273437,[{'rewards': np.float64(40.101521994603715)}]
173,60.42805264854431,-153.05295681762695,[{'rewards': np.float64(46.341023230449515)}]
174,59.96005480575562,-153.01550526428224,[{'rewards': np.float64(44.95048790047298)}]
175,59.62083479499817,-152.98174645996093,[{'rewards': np.float64(42.08940750636943)}]
176,75.7554422302246,-163.42950744628905,[{'rewards': np.float64(49.47283948430686)}]
177,71.30399868392945,-163.7718992462158,[{'rewards': np.float64(37.73968988363389)}]
178,70.52509812164307,-163.73933467102052,[{'rewards': np.float64(45.705801639579995)}]
179,70.0220214214325,-163.7078748626709,[{'rewards': np.float64(49.67393417209337)}]
180,69.64274571609496,-163.67703082275392,[{'rewards': np.float64(48.580140633369524)}]
181,88.97029135894775,-174.61900260925293,[{'rewards': np.float64(45.523174430166414)}]
182,83.79188753318786,-174.99054946899415,[{'rewards': np.float64(47.74215930527485)}]
183,82.81134863471985,-174.9680802307129,[{'rewards': np.float64(41.67570245234993)}]
184,82.17567937278747,-174.94468669128418,[{'rewards': np.float64(45.46595847054809)}]
185,81.72986391448974,-174.9234693145752,[{'rewards': np.float64(43.36450368087164)}]
186,104.57264795684814,-186.48583567810059,[{'rewards': np.float64(42.60978526520222)}]
187,98.68629291915893,-186.91957856750489,[{'rewards': np.float64(48.88301302454095)}]
188,97.57909213638305,-186.88309477233886,[{'rewards': np.float64(44.76211902475329)}]
189,96.87893671798706,-186.83805805969237,[{'rewards': np.float64(44.25476243734467)}]
190,96.36594089126586,-186.79773651123048,[{'rewards': np.float64(45.57945133914873)}]
191,122.95356108856201,-198.96761767578124,[{'rewards': np.float64(44.9138511325674)}]
192,116.35292940521241,-199.44983013916016,[{'rewards': np.float64(47.20305042827773)}]
193,115.11254197311402,-199.4180072631836,[{'rewards': np.float64(39.72655253928309)}]
194,114.34563085174561,-199.36766830444336,[{'rewards': np.float64(44.3288393745698)}]
195,113.78497618484496,-199.3214894104004,[{'rewards': np.float64(41.42173459216265)}]
196,145.02260501861574,-212.15307513427734,[{'rewards': np.float64(48.34984848534762)}]
197,137.53604975891113,-212.67092990112306,[{'rewards': np.float64(41.27780481609968)}]
198,136.09248738479613,-212.64667878723145,[{'rewards': np.float64(46.36693414748235)}]
199,135.23086445617676,-212.59608882141114,[{'rewards': np.float64(45.04781109849293)}]
200,134.60602713394164,-212.54499650573732,[{'rewards': np.float64(45.003365596852646)}]
201,170.80590869140624,-226.08154396057128,[{'rewards': np.float64(42.22797987897375)}]
202,162.39218534469603,-226.62429576110839,[{'rewards': np.float64(45.473248723331004)}]
203,160.9015973739624,-226.5933829650879,[{'rewards': np.float64(46.197682883694306)}]
204,159.96020324325562,-226.53573403930665,[{'rewards': np.float64(40.6959150862064)}]
205,159.29964595031737,-226.4743675842285,[{'rewards': np.float64(43.6371279854439)}]
206,200.40176272583008,-240.73592683410644,[{'rewards': np.float64(41.900083610277676)}]
207,190.79008657836914,-241.321973739624,[{'rewards': np.float64(43.14863822917781)}]
208,189.11112550354005,-241.29008087158203,[{'rewards': np.float64(43.28807417673904)}]
209,188.13145379638672,-241.22937351989745,[{'rewards': np.float64(42.29824489687785)}]
210,187.408805557251,-241.1644828338623,[{'rewards': np.float64(44.377229573462046)}]
211,234.1633286819458,-256.1180629272461,[{'rewards': np.float64(42.68901016454935)}]
212,223.36405599212645,-256.7244153289795,[{'rewards': np.float64(43.094237682962245)}]
213,221.53390715026856,-256.6819954986572,[{'rewards': np.float64(42.236498671644874)}]
214,220.44362994384767,-256.60945195007326,[{'rewards': np.float64(43.42380390783799)}]
215,219.68428462982178,-256.53651042175295,[{'rewards': np.float64(42.66730102490248)}]
216,272.7328784179688,-272.14679414367674,[{'rewards': np.float64(43.921169744413426)}]
217,260.9663595657349,-272.784107711792,[{'rewards': np.float64(43.93008450627245)}]
218,259.05475675201416,-272.7310902252197,[{'rewards': np.float64(42.73725982903189)}]
219,257.93409693145753,-272.6543659667969,[{'rewards': np.float64(43.42509424303239)}]
220,257.11287706756593,-272.5781446990967,[{'rewards': np.float64(42.567181344369544)}]
221,316.21798781585693,-288.85428173828126,[{'rewards': np.float64(43.37735584693835)}]
222,303.11116471862795,-289.52764147949216,[{'rewards': np.float64(43.34247738058939)}]
223,301.0028514022827,-289.4795956115723,[{'rewards': np.float64(41.21149748042874)}]
224,299.77347631072996,-289.40926193237306,[{'rewards': np.float64(41.130503999462256)}]
225,298.88206148529054,-289.34024609375,[{'rewards': np.float64(40.282526223454134)}]
226,365.3504563598633,-306.3347265319824,[{'rewards': np.float64(42.75276310723321)}]
227,350.7914519958496,-307.0726008300781,[{'rewards': np.float64(39.18946428766637)}]
228,348.43997993469236,-307.0424944458008,[{'rewards': np.float64(39.40608474019517)}]
229,347.1061902923584,-306.9808433227539,[{'rewards': np.float64(39.405270982435816)}]
230,346.19522874450684,-306.912025390625,[{'rewards': np.float64(40.16829922093609)}]
231,420.45297206115725,-324.7074599914551,[{'rewards': np.float64(36.65082811770275)}]
232,404.5308246307373,-325.4886913757324,[{'rewards': np.float64(38.17459243609885)}]
233,402.05386598205564,-325.4429413757324,[{'rewards': np.float64(38.79844406734605)}]
234,400.66494369506836,-325.36858853149414,[{'rewards': np.float64(37.240558970400215)}]
235,399.69793946838377,-325.29360330200194,[{'rewards': np.float64(36.94293064458259)}]
236,482.7644360656738,-343.91745724487305,[{'rewards': np.float64(37.826290820778006)}]
237,465.06790980529786,-344.77653494262694,[{'rewards': np.float64(37.50300141081282)}]
238,462.3492804107666,-344.7369099731445,[{'rewards': np.float64(37.45623722225758)}]
239,460.8002642822266,-344.6609215393066,[{'rewards': np.float64(34.72192913395095)}]
240,459.7373347015381,-344.586673828125,[{'rewards': np.float64(34.8032386130722)}]
241,552.32648538208,-364.06923083496093,[{'rewards': np.float64(37.52042440018563)}]
242,532.7737454223633,-364.95447772216795,[{'rewards': np.float64(37.11213863794066)}]
243,529.8464342651367,-364.90022457885743,[{'rewards': np.float64(36.167479125868766)}]
244,528.230269241333,-364.81721099853513,[{'rewards': np.float64(34.59078653668899)}]
245,527.1124999694824,-364.73638751220705,[{'rewards': np.float64(35.288099037589625)}]
246,629.7189786682129,-385.0841685180664,[{'rewards': np.float64(35.00566674336809)}]
247,608.1583907470703,-386.0558222961426,[{'rewards': np.float64(35.72843906943743)}]
248,604.9065597229004,-386.00463009643556,[{'rewards': np.float64(35.59845359869248)}]
249,603.1293287353516,-385.91862475585935,[{'rewards': np.float64(34.942379732008014)}]
250,601.8771609191895,-385.8367378540039,[{'rewards': np.float64(33.27205702054224)}]
251,715.0964630737304,-407.1124799499512,[{'rewards': np.float64(36.134027140166395)}]
252,691.2184185791016,-408.114882232666,[{'rewards': np.float64(33.15027660962514)}]
253,687.7254487304688,-408.055765625,[{'rewards': np.float64(33.71298372505261)}]
254,685.8487161560058,-407.9644465637207,[{'rewards': np.float64(35.301758390334854)}]
255,684.5423183288574,-407.87029348754885,[{'rewards': np.float64(35.92587118373718)}]
256,809.7788414001465,-430.0234557189941,[{'rewards': np.float64(35.42425253167811)}]
257,783.5633674621582,-431.0842826538086,[{'rewards': np.float64(35.89868438920215)}]
258,779.7341309204102,-431.0198279724121,[{'rewards': np.float64(35.865855310563255)}]
259,777.7253572082519,-430.9230648803711,[{'rewards': np.float64(35.616935284059736)}]
260,776.4973124389649,-430.8324730834961,[{'rewards': np.float64(37.620563475412936)}]
261,914.7169713134765,-453.87474182128904,[{'rewards': np.float64(36.915576003137005)}]
262,886.1643194580079,-455.0182841491699,[{'rewards': np.float64(37.612383982228735)}]
263,881.9113864440918,-454.9707357788086,[{'rewards': np.float64(37.77407120856696)}]
264,879.5348848266601,-454.8908504333496,[{'rewards': np.float64(35.55367417297178)}]
265,877.7572674560547,-454.823561706543,[{'rewards': np.float64(35.238525196634995)}]
266,1030.5060973510742,-478.86605630493165,[{'rewards': np.float64(35.78187075783559)}]
267,998.5074334106446,-480.13297790527344,[{'rewards': np.float64(36.22448921512441)}]
268,993.9033469543457,-480.1047854309082,[{'rewards': np.float64(36.962339598819746)}]
269,991.205248626709,-480.04779330444336,[{'rewards': np.float64(37.23807567807344)}]
270,989.3420672607422,-479.9860655822754,[{'rewards': np.float64(33.95578814329387)}]
271,1156.2713186645508,-505.18495095825193,[{'rewards': np.float64(37.939300145121315)}]
272,1120.592052368164,-506.59619122314456,[{'rewards': np.float64(36.965047214834385)}]
273,1115.5366606445311,-506.6780062561035,[{'rewards': np.float64(34.55930763832882)}]
274,1112.751593688965,-506.72918951416017,[{'rewards': np.float64(34.213803717058006)}]
275,1110.1711358642578,-506.79615017700195,[{'rewards': np.float64(25.715210248183777)}]
276,1296.809727722168,-533.3312428588868,[{'rewards': np.float64(38.13805409065402)}]
277,1257.0726663208009,-534.9627938232422,[{'rewards': np.float64(36.69822313358378)}]
278,1251.0748914184571,-535.1812658081054,[{'rewards': np.float64(33.183395737014386)}]
279,1248.9921047363282,-535.2975404052735,[{'rewards': np.float64(36.320296293766006)}]
280,1246.8939262084962,-535.3787942504882,[{'rewards': np.float64(37.68174251773176)}]
281,1458.9278357543944,-563.5522603759765,[{'rewards': np.float64(36.34340969788339)}]
282,1412.4913596191407,-565.409244934082,[{'rewards': np.float64(33.1761547154339)}]
283,1406.2820443115234,-565.4956888427735,[{'rewards': np.float64(34.9622367234309)}]
284,1403.5917057495117,-565.5133928833008,[{'rewards': np.float64(34.73087228318921)}]
285,1401.8152017822265,-565.5129348754883,[{'rewards': np.float64(31.293959303845575)}]
286,1636.6298884277344,-595.3395718383789,[{'rewards': np.float64(33.56561767637595)}]
287,1585.0700650634765,-597.1743572998047,[{'rewards': np.float64(34.23560029171116)}]
288,1578.3640473632813,-597.2079180908203,[{'rewards': np.float64(32.029627496399975)}]
289,1574.9128767700195,-597.1825908203125,[{'rewards': np.float64(32.20415849937662)}]
290,1572.647432800293,-597.1398425292969,[{'rewards': np.float64(30.801129299567712)}]
291,1832.1482868041992,-628.4753962402344,[{'rewards': np.float64(32.53452235598861)}]
292,1774.3226627807617,-630.3991809692383,[{'rewards': np.float64(30.34885334672953)}]
293,1766.7380357666016,-630.4324326782227,[{'rewards': np.float64(30.741537590780545)}]
294,1762.5890989379882,-630.4100322265625,[{'rewards': np.float64(33.104616688777995)}]
295,1759.9228245849608,-630.3601903076171,[{'rewards': np.float64(30.061037221945856)}]
296,2045.2342789916993,-663.1381999511718,[{'rewards': np.float64(33.69866160120161)}]
297,1980.9272838745117,-665.1552841796876,[{'rewards': np.float64(33.31216049068333)}]
298,1972.6423397216797,-665.1725766601562,[{'rewards': np.float64(32.85464844116373)}]
299,1968.362581970215,-665.1335252075195,[{'rewards': np.float64(31.584623137610627)}]
300,1965.3951875,-665.0753687744141,[{'rewards': np.float64(30.285548398760447)}]
301,2278.11976159668,-699.2269680175781,[{'rewards': np.float64(32.49196772368492)}]
302,2207.3156357421876,-701.323825744629,[{'rewards': np.float64(31.41031231442495)}]
303,2198.0175565185546,-701.3506895141602,[{'rewards': np.float64(30.406797864351198)}]
304,2193.442247558594,-701.3175234375,[{'rewards': np.float64(30.47933238024205)}]
305,2190.775383544922,-701.2759421997071,[{'rewards': np.float64(32.36052236812826)}]
306,2531.196294189453,-736.7412915649414,[{'rewards': np.float64(33.096233028109495)}]
307,2454.453529785156,-738.9169633178711,[{'rewards': np.float64(30.357012861634132)}]
308,2444.5913096923828,-738.9296495361328,[{'rewards': np.float64(30.357495697516487)}]
309,2439.3582786865236,-738.8934790039062,[{'rewards': np.float64(28.4335673714369)}]
310,2436.02409375,-738.84725,[{'rewards': np.float64(25.98190168147823)}]
311,2804.6047485351564,-775.57528515625,[{'rewards': np.float64(28.071237874053647)}]
312,2721.0983721923826,-777.8401248779297,[{'rewards': np.float64(28.131915796010208)}]
313,2710.457381591797,-777.8503735961914,[{'rewards': np.float64(26.7296562279735)}]
314,2704.8980794677736,-777.8177683105469,[{'rewards': np.float64(28.119532442717073)}]
315,2701.194266845703,-777.763858215332,[{'rewards': np.float64(30.8967561686971)}]
316,3098.5822136230468,-815.6307819824219,[{'rewards': np.float64(28.0321549219155)}]
317,3008.49614453125,-817.9754935302734,[{'rewards': np.float64(26.744818759473215)}]
318,2997.7026599121095,-817.9773499145508,[{'rewards': np.float64(31.293720600908333)}]
319,2991.927872924805,-817.9492035522461,[{'rewards': np.float64(31.676532135116155)}]
320,2987.9389760742188,-817.902882019043,[{'rewards': np.float64(31.367029994085904)}]
321,3413.8842540283204,-856.8406250610352,[{'rewards': np.float64(29.44157561244572)}]
322,3317.223314819336,-859.2677647094727,[{'rewards': np.float64(30.9502681960462)}]
323,3304.239462036133,-859.3304979858399,[{'rewards': np.float64(27.295965228170463)}]
324,3298.1136380615235,-859.3168930053711,[{'rewards': np.float64(31.046835523031017)}]
325,3293.5885197753905,-859.2657802124023,[{'rewards': np.float64(31.483826897124302)}]
326,3752.239038696289,-899.1930083007812,[{'rewards': np.float64(28.22297107010112)}]
327,3649.7281611328126,-901.6737774047851,[{'rewards': np.float64(27.659197829609454)}]
328,3637.1926944580077,-901.6643010253906,[{'rewards': np.float64(25.245753624413492)}]
329,3630.607400756836,-901.6255239868165,[{'rewards': np.float64(26.06548563718124)}]
330,3626.247400268555,-901.5701798095703,[{'rewards': np.float64(30.351604259030864)}]
331,4117.478108032226,-942.4080767211914,[{'rewards': np.float64(30.383848763924274)}]
332,4009.3898885498047,-944.965806640625,[{'rewards': np.float64(29.15664063502816)}]
333,3995.8734052734376,-944.9524302368164,[{'rewards': np.float64(31.757785637475916)}]
334,3988.649143432617,-944.9129688720703,[{'rewards': np.float64(26.313300569866026)}]
335,3983.8821068115235,-944.8569614868164,[{'rewards': np.float64(27.914455586741013)}]
336,4507.528655029297,-986.6009738769532,[{'rewards': np.float64(25.01232765754019)}]
337,4393.437077148437,-989.2309528198242,[{'rewards': np.float64(31.209958082195868)}]
338,4379.296276855469,-989.202938659668,[{'rewards': np.float64(24.053611588477473)}]
339,4371.911243164062,-989.1567326049804,[{'rewards': np.float64(24.56461849019199)}]
340,4366.986570800781,-989.0907859497071,[{'rewards': np.float64(26.95293933711179)}]
341,4924.528676269531,-1031.656409790039,[{'rewards': np.float64(29.139596192700616)}]
342,4804.197254150391,-1034.3700143432618,[{'rewards': np.float64(27.07889664444588)}]
343,4789.153770507813,-1034.3395286865234,[{'rewards': np.float64(25.03760728475605)}]
344,4781.420797607422,-1034.2965480957032,[{'rewards': np.float64(23.499381730594568)}]
345,4776.0872485351565,-1034.2298701171876,[{'rewards': np.float64(25.89798892305348)}]
346,5370.079136230469,-1077.6209442138672,[{'rewards': np.float64(24.013473487601892)}]
347,5243.749240478515,-1080.4347644653321,[{'rewards': np.float64(23.798775554097354)}]
348,5227.38066040039,-1080.4112884521485,[{'rewards': np.float64(24.06360017253812)}]
349,5218.381280273437,-1080.3637239990235,[{'rewards': np.float64(23.38940321375668)}]
350,5212.137274414063,-1080.291901916504,[{'rewards': np.float64(25.580531873362194)}]
351,5843.912441650391,-1124.5088626708985,[{'rewards': np.float64(24.896914133980687)}]
352,5711.213759765625,-1127.4228983154296,[{'rewards': np.float64(23.61768138167194)}]
353,5693.8331081542965,-1127.4042905273438,[{'rewards': np.float64(25.874239606826173)}]
354,5684.552730224609,-1127.3698107910157,[{'rewards': np.float64(26.572457589544598)}]
355,5678.121396972656,-1127.3365017089843,[{'rewards': np.float64(24.634752259258807)}]
356,6349.57990600586,-1172.5230563964844,[{'rewards': np.float64(23.16069355706725)}]
357,6210.633321289062,-1175.579579223633,[{'rewards': np.float64(24.15883335897902)}]
358,6192.646046386719,-1175.579564819336,[{'rewards': np.float64(23.194163401197343)}]
359,6183.014504882813,-1175.548138671875,[{'rewards': np.float64(22.511608519604266)}]
360,6176.762592285157,-1175.4972498779298,[{'rewards': np.float64(22.179292415558315)}]
361,6890.421223388672,-1221.653809448242,[{'rewards': np.float64(22.518977397108806)}]
362,6744.282178710938,-1224.8376295166015,[{'rewards': np.float64(23.509772335219267)}]
363,6725.406771484375,-1224.8303742675782,[{'rewards': np.float64(23.604796178147893)}]
364,6715.308199951171,-1224.7904051513672,[{'rewards': np.float64(23.09327807340814)}]
365,6708.487462890625,-1224.7325904541015,[{'rewards': np.float64(21.658698743963466)}]
366,7466.155255126953,-1271.9075030517579,[{'rewards': np.float64(22.297186166338317)}]
367,7312.253884521484,-1275.2221889648438,[{'rewards': np.float64(22.049586628383135)}]
368,7292.18153540039,-1275.216558959961,[{'rewards': np.float64(21.599744981127696)}]
369,7281.558395751953,-1275.176036010742,[{'rewards': np.float64(23.184083563940085)}]
370,7274.329496582031,-1275.12466796875,[{'rewards': np.float64(22.489834949784164)}]
371,8080.106762939453,-1323.3387492675781,[{'rewards': np.float64(22.924482036717684)}]
372,7917.622535400391,-1326.79565625,[{'rewards': np.float64(22.55994505814621)}]
373,7896.472095458985,-1326.798676147461,[{'rewards': np.float64(22.546478095944025)}]
374,7885.239807128906,-1326.7638198242187,[{'rewards': np.float64(21.165408314631495)}]
375,7877.903077392578,-1326.7132639160156,[{'rewards': np.float64(21.38080030974941)}]
376,8735.690624511719,-1376.0102474365235,[{'rewards': np.float64(21.201413251211388)}]
377,8563.963460205077,-1379.6123748779296,[{'rewards': np.float64(21.52058772174142)}]
378,8541.346926513672,-1379.637412109375,[{'rewards': np.float64(21.5593340710106)}]
379,8529.240533447266,-1379.617775024414,[{'rewards': np.float64(21.998149108318884)}]
380,8521.171373779296,-1379.5722713623047,[{'rewards': np.float64(21.072378846799385)}]
381,9432.743245605468,-1429.9716865234375,[{'rewards': np.float64(22.75185777834005)}]
382,9251.447534667968,-1433.7082598876952,[{'rewards': np.float64(21.86327397501144)}]
383,9227.49778857422,-1433.7597888183593,[{'rewards': np.float64(22.56155859567072)}]
384,9214.502109375,-1433.7835979003905,[{'rewards': np.float64(20.420484618435847)}]
385,9204.954156738282,-1433.783712524414,[{'rewards': np.float64(21.233906284563474)}]
386,10173.358916015624,-1485.3755078125,[{'rewards': np.float64(20.792314851657636)}]
387,9980.467493652344,-1489.2799532470704,[{'rewards': np.float64(20.54624535374613)}]
388,9954.293291503905,-1489.3344677734376,[{'rewards': np.float64(20.074033850702193)}]
389,9940.447521484375,-1489.3335318603515,[{'rewards': np.float64(20.93623398406786)}]
390,9931.1376875,-1489.3075718994141,[{'rewards': np.float64(20.748468764158336)}]
391,10961.217427734375,-1542.0276810302735,[{'rewards': np.float64(19.50049416843751)}]
392,10757.802798828125,-1546.0755570068359,[{'rewards': np.float64(20.54674340791725)}]
393,10730.222650390626,-1546.1262065429687,[{'rewards': np.float64(21.77048760849437)}]
394,10715.382351074219,-1546.1215959472656,[{'rewards': np.float64(20.849973268914177)}]
395,10705.321479003906,-1546.0937231445312,[{'rewards': np.float64(21.291262573519102)}]
396,11797.809250976563,-1599.9407866210938,[{'rewards': np.float64(20.456056356286805)}]
397,11582.443247558595,-1604.1295740966798,[{'rewards': np.float64(20.790214181014274)}]
398,11552.46971484375,-1604.200199951172,[{'rewards': np.float64(21.181304247716426)}]
399,11529.705427734374,-1604.3881434326172,[{'rewards': np.float64(21.071345700409136)}]
400,11489.309138183593,-1605.1904907226562,[{'rewards': np.float64(19.9098252715049)}]
401,12598.62490625,-1661.0266805419922,[{'rewards': np.float64(21.269447168533812)}]
402,12374.644532714843,-1665.5907119140625,[{'rewards': np.float64(21.402608727975046)}]
403,12344.506576171874,-1665.7783673095703,[{'rewards': np.float64(21.71351918454788)}]
404,12329.319395019531,-1665.8440268554687,[{'rewards': np.float64(22.274201426854255)}]
405,12319.08343017578,-1665.875890991211,[{'rewards': np.float64(21.515163910006567)}]
406,13468.569909179687,-1722.802732788086,[{'rewards': np.float64(22.76323537567562)}]
407,13234.471865722657,-1727.3398070068358,[{'rewards': np.float64(21.640213138612783)}]
408,13203.215666015625,-1727.4432452392577,[{'rewards': np.float64(22.920385990055728)}]
409,13187.094833007812,-1727.5086245117188,[{'rewards': np.float64(21.100251398551112)}]
410,13176.674358398437,-1727.5367104492188,[{'rewards': np.float64(21.166416599279792)}]
411,14379.59219921875,-1785.6928565673827,[{'rewards': np.float64(21.557974829398365)}]
412,14132.071938476562,-1790.3773151855469,[{'rewards': np.float64(22.28501535560063)}]
413,14099.025404785156,-1790.5048673095703,[{'rewards': np.float64(22.253488808195335)}]
414,14081.828297851562,-1790.5851353759765,[{'rewards': np.float64(21.084829205012852)}]
415,14071.031271484375,-1790.627314086914,[{'rewards': np.float64(21.97005087243878)}]
416,15329.771419433593,-1849.9463563232423,[{'rewards': np.float64(22.537260714235302)}]
417,15072.07400830078,-1854.7302121582031,[{'rewards': np.float64(22.623563111053006)}]
418,15036.876209472657,-1854.8464384765625,[{'rewards': np.float64(22.56069857338112)}]
419,15018.561473632812,-1854.930073852539,[{'rewards': np.float64(22.78388646164642)}]
420,15006.26243359375,-1854.9738333740233,[{'rewards': np.float64(22.798187234572342)}]
421,16326.170799804688,-1915.4173862304688,[{'rewards': np.float64(21.29280193494934)}]
422,16056.04024609375,-1920.3318758544922,[{'rewards': np.float64(21.824609718963902)}]
423,16019.044060058593,-1920.4609425048827,[{'rewards': np.float64(21.60879089472033)}]
424,15999.840524902344,-1920.548039428711,[{'rewards': np.float64(21.30774589785697)}]
425,15987.723773925782,-1920.594333618164,[{'rewards': np.float64(23.000165310391914)}]
426,17370.895680664064,-1982.1509211425782,[{'rewards': np.float64(22.539411751386165)}]
427,17088.890486816406,-1987.2131280517578,[{'rewards': np.float64(21.50665602418628)}]
428,17050.187324707033,-1987.3660146484376,[{'rewards': np.float64(21.242652181203464)}]
429,17030.401547363283,-1987.4628729248047,[{'rewards': np.float64(21.21826364561768)}]
430,17017.380301757814,-1987.5229699707031,[{'rewards': np.float64(21.38273509414175)}]
431,18464.28497265625,-2050.193133178711,[{'rewards': np.float64(22.478503236431962)}]
432,18169.52182421875,-2055.368694580078,[{'rewards': np.float64(21.3976818548264)}]
433,18128.24735449219,-2055.528205566406,[{'rewards': np.float64(22.278641293805318)}]
434,18107.17709082031,-2055.638234741211,[{'rewards': np.float64(22.114150230921297)}]
435,18093.3576640625,-2055.704989013672,[{'rewards': np.float64(21.023051817592453)}]
436,19606.0459921875,-2119.4576032714845,[{'rewards': np.float64(21.775372303689863)}]
437,19298.60028125,-2124.7689747314453,[{'rewards': np.float64(22.748655815228048)}]
438,19256.457065429688,-2124.935810424805,[{'rewards': np.float64(21.21266927818672)}]
439,19234.63596386719,-2125.0553157958984,[{'rewards': np.float64(22.969638101004524)}]
440,19219.743987304686,-2125.115190185547,[{'rewards': np.float64(21.947650270561013)}]
441,20802.668369140625,-2189.9837893066406,[{'rewards': np.float64(20.44185222847681)}]
442,20481.67666308594,-2195.441812133789,[{'rewards': np.float64(22.725812618096445)}]
443,20436.08878515625,-2195.618668701172,[{'rewards': np.float64(21.147295610577824)}]
444,20412.331553710937,-2195.7414084472657,[{'rewards': np.float64(21.7955462513947)}]
445,20396.834041992188,-2195.8007232666014,[{'rewards': np.float64(22.588955409385306)}]
446,22056.132666015626,-2261.8390444335937,[{'rewards': np.float64(21.768382486146646)}]
447,21720.569015625,-2267.467076171875,[{'rewards': np.float64(22.28477343418705)}]
448,21673.097302734375,-2267.65390234375,[{'rewards': np.float64(21.541151454652944)}]
449,21648.37431738281,-2267.789401855469,[{'rewards': np.float64(22.113127223765314)}]
450,21631.924990234376,-2267.8546481933595,[{'rewards': np.float64(22.909604560527978)}]
451,23371.775298828125,-2335.1514724121093,[{'rewards': np.float64(21.02152705099657)}]
452,23021.083215820312,-2340.9808146972655,[{'rewards': np.float64(21.1964556742213)}]
453,22971.30165332031,-2341.1816337890623,[{'rewards': np.float64(21.589593068860694)}]
454,22945.276873046874,-2341.3214145507814,[{'rewards': np.float64(22.623444620186905)}]
455,22928.700853515624,-2341.396715576172,[{'rewards': np.float64(22.681998685066745)}]
456,24753.82411328125,-2410.061916015625,[{'rewards': np.float64(20.893758809394235)}]
457,24385.0647890625,-2416.0927197265623,[{'rewards': np.float64(21.2162677810774)}]
458,24334.256374023436,-2416.3255043945314,[{'rewards': np.float64(21.680284571060874)}]
459,24309.312416992187,-2416.490560546875,[{'rewards': np.float64(21.74898978395008)}]
460,24292.24702832031,-2416.591752685547,[{'rewards': np.float64(20.995494551192298)}]
461,26209.699783203127,-2486.754170654297,[{'rewards': np.float64(21.221723183716723)}]
462,25821.489677734375,-2493.022027832031,[{'rewards': np.float64(21.252604260612678)}]
463,25764.888903320312,-2493.262752441406,[{'rewards': np.float64(21.779062568634284)}]
464,25734.850837890626,-2493.4148676757814,[{'rewards': np.float64(21.682814227324087)}]
465,25714.701216796875,-2493.4980583496094,[{'rewards': np.float64(22.918232230976923)}]
466,27725.358102539063,-2565.201436279297,[{'rewards': np.float64(21.219897664565284)}]
467,27316.23953515625,-2571.6839760742187,[{'rewards': np.float64(23.00655009504971)}]
468,27256.325248046876,-2571.937635253906,[{'rewards': np.float64(21.869708811050256)}]
469,27224.2711953125,-2572.1045939941405,[{'rewards': np.float64(23.362585361763355)}]
470,27203.46854296875,-2572.1965473632813,[{'rewards': np.float64(23.290402514324)}]
471,29312.16912890625,-2645.555833496094,[{'rewards': np.float64(22.86529407748035)}]
472,28880.930323242188,-2652.2736232910156,[{'rewards': np.float64(22.220114850959433)}]
473,28818.127381835937,-2652.546731933594,[{'rewards': np.float64(23.355087836255127)}]
474,28786.298366210936,-2652.738404541016,[{'rewards': np.float64(22.536515319557367)}]
475,28766.15691894531,-2652.8609287109375,[{'rewards': np.float64(23.695173714676486)}]
476,30984.94136328125,-2728.0145263671875,[{'rewards': np.float64(23.328123195330033)}]
477,30529.851641601563,-2734.9890981445315,[{'rewards': np.float64(23.62368135757497)}]
478,30462.99433496094,-2735.2725954589846,[{'rewards': np.float64(23.88721540830079)}]
479,30427.196099609377,-2735.468966796875,[{'rewards': np.float64(22.180634957485612)}]
480,30403.290619140625,-2735.5747990722657,[{'rewards': np.float64(23.116116636341154)}]
481,32738.959123046876,-2812.5458461914063,[{'rewards': np.float64(22.340005595410215)}]
482,32258.003662109375,-2819.767225341797,[{'rewards': np.float64(22.169276904640274)}]
483,32186.916946289064,-2820.065177001953,[{'rewards': np.float64(23.97188075398555)}]
484,32148.653654296875,-2820.2657922363283,[{'rewards': np.float64(23.59464727653477)}]
485,32123.201989257814,-2820.374865234375,[{'rewards': np.float64(23.246888861047765)}]
486,34581.80208886719,-2899.2228439941405,[{'rewards': np.float64(23.996771311734687)}]
487,34073.93016210938,-2906.6879409179687,[{'rewards': np.float64(23.249715783363378)}]
488,33999.10428613281,-2907.010771484375,[{'rewards': np.float64(23.513882109667243)}]
489,33958.59707421875,-2907.220206298828,[{'rewards': np.float64(22.792353285908053)}]
490,33931.92424023437,-2907.35212890625,[{'rewards': np.float64(23.80213446026403)}]
491,36528.648775390626,-2988.1525380859375,[{'rewards': np.float64(23.78512368837594)}]
492,35991.34391601563,-2995.88223828125,[{'rewards': np.float64(22.77974083733941)}]
493,35912.26246484375,-2996.22423046875,[{'rewards': np.float64(22.545639925959858)}]
494,35869.87313476563,-2996.4589919433593,[{'rewards': np.float64(23.928336967136982)}]
495,35842.06276757812,-2996.6137705078127,[{'rewards': np.float64(22.899834546236267)}]
496,38585.4612265625,-3079.512087158203,[{'rewards': np.float64(21.660261823107156)}]
497,38019.160259765624,-3087.7209860839844,[{'rewards': np.float64(22.704046908695318)}]
498,37938.71805859375,-3088.2962663574217,[{'rewards': np.float64(22.78155809430455)}]
499,37907.26537109375,-3088.828239013672,[{'rewards': np.float64(24.1203359308882)}]
500,37882.34462890625,-3089.0852631835937,[{'rewards': np.float64(22.9594656928704)}]
